index,bus_i,name,lat,lon
0,123,J C McNeil,44.492,-73.208
1,187,9001043100,41.11,-73.457
2,239,9001071000,41.172,-73.218
3,338,9001245500,41.275,-73.516
4,845,9011690300,41.293,-72.925
5,1380,25003913100,42.372,-73.276
6,1761,25013810602,42.173,-72.538
7,3338,50003971200,42.884,-73.193
8,3362,50007002200,44.546,-73.154
9,3433,50021962700,43.62,-73.017
10,3502,Indian Point 2,41.271,-73.953
11,3503,Indian Point 3,41.271,-73.953
12,3504,Oswego Harbor Power,43.459,-76.532
13,3505,Charles Poletti,40.776,-73.911
14,3506,James A Fitzpatrick,43.521,-76.408
15,3507,Somerset Operating Co LLC,43.359,-78.605
16,3508,Nine Mile Point Nuclear Station,43.521,-76.41
17,3509,Bowline Point,41.204,-73.969
18,3510,Roseton Generating Facility,41.574,-73.966
19,3511,R E Ginna Nuclear Power Plant,43.278,-77.31
20,3512,Selkirk Cogen,42.574,-73.859
21,3513,Northport,40.924,-73.342
22,3514,Arthur Kill Generating Station,40.592,-74.2
23,3515,E F Barrett,40.617,-73.648
24,3516,Athens Generating Plant,42.273,-73.849
25,3517,Blenheim Gilboa,42.442,-74.448
26,3518,Caithness Long Island Energy Center,40.814,-72.94
27,3519,East River,40.728,-73.974
28,3520,Astoria Generating Station,40.788,-73.913
29,3521,Bethpage Power Plant,40.747,-73.499
30,3522,Empire Generating Co  LLC,42.625,-73.75
31,3523,Ravenswood,40.759,-73.946
32,3524,Astoria Energy,40.782,-73.896
33,3525,500MW CC,40.789,-73.907
34,3526,Sithe Independence Station,43.495,-76.451
35,3527,Cayuga Operating Company,42.603,-76.634
36,3528,Astoria Gas Turbines,40.787,-73.905
37,3529,RED-Rochester LLC,43.199,-77.632
38,3530,Noble Wethersfield Windpark LLC,42.67,-78.228
39,3531,Brooklyn Navy Yard Cogeneration,40.699,-73.976
40,3532,Glenwood,40.827,-73.647
41,3533,Greenidge Generation LLC,42.679,-76.948
42,3534,High Sheldon Wind Farm,42.779,-78.427
43,3535,Richard M Flynn,40.816,-73.064
44,3536,Noble Chateaugay Windpark LLC,44.892,-74.03
45,3537,Noble Clinton Windpark LLC,44.891,-74.006
46,3538,Noble Bliss Windpark LLC,42.537,-78.305
47,3539,Far Rockaway,40.611,-73.761
48,3540,Noble Altona Windpark LLC,44.822,-73.651
49,3541,Dunkirk Generating Plant,42.491,-79.347
50,3542,Saranac Facility,44.713,-73.456
51,3543,Indeck Corinth Energy Center,43.25,-73.813
52,3544,Cohocton Wind Project,42.45,-77.52
53,3545,Wading River,40.957,-72.877
54,3546,Covanta Hempstead,40.739,-73.591
55,3547,Danskammer Generating Station,41.571,-73.975
56,3548,Massena Energy Facility,44.95,-74.893
57,3549,Batavia Power Plant,42.983,-78.159
58,3550,CH Resources Syracuse,43.066,-76.214
59,3551,Sterling Power Plant,43.08,-75.601
60,3552,Plant No 2 Freeport,40.645,-73.568
61,3555,Wheelabrator Westchester,41.277,-73.942
62,3556,Indeck Oswego Energy Center,43.472,-76.493
63,3557,Robert Moses Power Dam,45.004,-74.799
64,3558,Holtsville,40.817,-73.066
65,3559,Indeck Silver Springs Energy Center,42.654,-78.077
66,3561,Fortistar North Tonawanda,43.048,-78.854
67,3562,Nassau Energy Corp,40.726,-73.589
68,3563,Hawkeye Energy Greenport LLC,41.106,-72.376
69,3564,Port Jefferson,40.95,-73.079
70,3565,Glenwood Landing,40.828,-73.648
71,3566,Shoreham,40.962,-72.865
72,3567,West Babylon,40.695,-73.349
73,3568,Edgewood Energy LLC,40.786,-73.293
74,3569,Shoreham Energy LLC,40.957,-72.866
75,3570,Pinelawn Power LLC,40.737,-73.388
76,3571,Rensselaer Cogen,42.625,-73.75
77,3572,Hudson Avenue,40.705,-73.981
78,3573,Carr Street Generating Station,43.061,-76.082
79,3574,Lockport Energy Associates LP,43.162,-78.745
80,3576,S A Carlson,42.093,-79.248
81,3577,Spier Falls,43.234,-73.756
82,3578,Vernon Boulevard,40.754,-73.951
83,3579,Joseph J Seymour Power Project,40.663,-74
84,3581,Hell Gate,40.799,-73.909
85,3582,Harlem River Yard,40.799,-73.916
86,3583,North 1st,40.717,-73.966
87,3584,Pouch,40.618,-74.068
88,3585,Castleton Energy Center,42.538,-73.743
89,3586,Stony Brook Cogen Plant,40.917,-73.129
90,3587,Hillburn,41.127,-74.165
91,3588,Indeck Olean Energy Center,42.086,-78.454
92,3590,Ticonderoga Mill,43.891,-73.397
93,3592,Allegany Cogen,42.503,-78.069
94,3593,Shoemaker,41.428,-74.419
95,3594,Carthage Energy LLC,43.984,-75.623
96,3595,Onondaga County Resource Recovery,43.005,-76.115
97,3597,Dutch Hill Wind Project,42.546,-77.497
98,3598,74th Street,40.768,-73.951
99,3599,Sherman Island,43.28,-73.709
100,3600,Bennetts Bridge,43.532,-75.953
101,3602,Stewarts Bridge,43.298,-73.885
102,3603,Munnsville Wind Farm LLC,42.909,-75.57
103,3604,Maple Ridge Wind Farm,43.785,-75.575
104,3606,Charles P Keller,40.658,-73.641
105,3609,Ogdensburg Power,44.726,-75.442
106,3610,Stark,44.455,-74.761
107,3612,Neversink,41.819,-74.636
108,3613,Rainbow Falls Hydro,44.518,-74.823
109,3614,Covanta Niagara LP,43.084,-79.006
110,3615,Curtis Palmer Hydroelectric,43.247,-73.828
111,3616,Five Falls,44.527,-74.849
112,3617,Lederle Laboratories,41.077,-74.018
113,3618,E J West,43.319,-73.921
114,3619,Narrows Gas Turbines Generating,40.649,-74.021
115,3620,Hudson Falls Hydroelectric Project,43.296,-73.596
116,3622,South Cairo,42.291,-73.986
117,3625,South Colton,44.513,-74.883
118,3627,Gowanus Gas Turbines Generating,40.663,-74.005
119,3628,Lewiston Niagara,43.143,-79.022
120,3630,36001000100,42.669,-73.736
121,3631,36001000200,42.664,-73.752
122,3651,36001002100,42.65,-73.778
123,3654,36001002500,42.641,-73.755
124,3655,36001002600,42.631,-73.765
125,3664,36001013503,42.784,-73.737
126,3666,36001013506,42.747,-73.73
127,3670,36001013602,42.691,-73.727
128,3671,36001013703,42.745,-73.815
129,3675,36001013801,42.746,-73.879
130,3678,36001013902,42.723,-73.827
131,3684,36001014203,42.606,-73.844
132,3685,36001014301,42.562,-73.779
133,3686,36001014302,42.565,-73.84
134,3687,36001014401,42.495,-73.882
135,3693,36001014607,42.728,-73.91
136,3696,36001014611,42.691,-73.935
137,3707,36003950300,42.466,-78.196
138,3718,36005000100,40.792,-73.892
139,3722,36005001900,40.805,-73.925
140,3726,36005002500,40.807,-73.921
141,3727,36005002701,40.806,-73.917
142,3728,36005002702,40.807,-73.916
143,3729,36005002800,40.822,-73.878
144,3736,36005004001,40.828,-73.858
145,3738,36005004200,40.824,-73.862
146,3745,36005005100,40.813,-73.927
147,3753,36005006200,40.833,-73.875
148,3762,36005007200,40.831,-73.861
149,3763,36005007300,40.815,-73.909
150,3769,36005007900,40.816,-73.905
151,3770,36005008300,40.814,-73.902
152,3778,36005009300,40.814,-73.895
153,3784,36005011800,40.813,-73.805
154,3794,36005013200,40.817,-73.819
155,3797,36005013800,40.822,-73.81
156,3800,36005014400,40.821,-73.823
157,3801,36005014500,40.832,-73.907
158,3806,36005015200,40.826,-73.825
159,3816,36005016500,40.843,-73.9
160,3818,36005016700,40.84,-73.902
161,3827,36005018102,40.832,-73.918
162,3828,36005018301,40.829,-73.921
163,3830,36005018400,40.837,-73.829
164,3838,36005020000,40.843,-73.846
165,3842,36005020501,40.847,-73.924
166,3846,36005021001,40.841,-73.858
167,3847,36005021002,40.838,-73.857
168,3849,36005021200,40.836,-73.859
169,3851,36005021302,40.843,-73.92
170,3854,36005021601,40.838,-73.865
171,3857,36005021800,40.837,-73.87
172,3858,36005021900,40.84,-73.92
173,3861,36005022102,40.838,-73.916
174,3862,36005022200,40.836,-73.855
175,3867,36005022500,40.84,-73.911
176,3870,36005022703,40.844,-73.91
177,3871,36005022800,40.853,-73.864
178,3872,36005022901,40.846,-73.907
179,3875,36005023100,40.846,-73.902
180,3878,36005023302,40.848,-73.905
181,3879,36005023501,40.852,-73.905
182,3880,36005023502,40.851,-73.903
183,3883,36005023703,40.86,-73.9
184,3886,36005023900,40.859,-73.903
185,3888,36005024100,40.853,-73.906
186,3890,36005024400,40.846,-73.858
187,3895,36005024800,40.855,-73.858
188,3897,36005025000,40.852,-73.856
189,3898,36005025100,40.857,-73.908
190,3899,36005025200,40.847,-73.855
191,3900,36005025300,40.861,-73.905
192,3901,36005025400,40.848,-73.852
193,3902,36005025500,40.861,-73.909
194,3903,36005025600,40.844,-73.85
195,3905,36005026100,40.867,-73.906
196,3906,36005026300,40.865,-73.904
197,3907,36005026400,40.842,-73.832
198,3908,36005026500,40.866,-73.9
199,3909,36005026601,40.847,-73.834
200,3910,36005026602,40.846,-73.831
201,3914,36005027300,40.874,-73.903
202,3917,36005027600,40.855,-73.821
203,3918,36005027700,40.878,-73.901
204,3919,36005027900,40.882,-73.897
205,3920,36005028100,40.884,-73.891
206,3921,36005028300,40.881,-73.902
207,3922,36005028400,40.849,-73.839
208,3923,36005028500,40.886,-73.903
209,3924,36005028600,40.849,-73.848
210,3926,36005028800,40.854,-73.851
211,3927,36005028900,40.88,-73.907
212,3929,36005029302,40.879,-73.916
213,3930,36005029500,40.885,-73.909
214,3931,36005029600,40.855,-73.845
215,3932,36005029700,40.885,-73.912
216,3933,36005030000,40.852,-73.831
217,3934,36005030100,40.883,-73.918
218,3935,36005030200,40.864,-73.822
219,3937,36005030900,40.898,-73.915
220,3939,36005031200,40.862,-73.842
221,3940,36005031400,40.862,-73.846
222,3941,36005031600,40.862,-73.849
223,3942,36005031800,40.862,-73.852
224,3943,36005031900,40.913,-73.907
225,3944,36005032300,40.905,-73.908
226,3945,36005032400,40.861,-73.86
227,3946,36005032600,40.862,-73.855
228,3948,36005033000,40.862,-73.866
229,3950,36005033202,40.863,-73.869
230,3951,36005033400,40.858,-73.875
231,3953,36005033600,40.868,-73.869
232,3954,36005033700,40.906,-73.903
233,3955,36005033800,40.868,-73.866
234,3958,36005034300,40.91,-73.898
235,3959,36005034400,40.868,-73.857
236,3960,36005034500,40.904,-73.899
237,3961,36005034800,40.869,-73.853
238,3963,36005035100,40.895,-73.9
239,3965,36005035800,40.874,-73.843
240,3974,36005036800,40.875,-73.856
241,3977,36005037000,40.873,-73.859
242,3979,36005037200,40.874,-73.863
243,3981,36005037400,40.875,-73.867
244,3984,36005037800,40.88,-73.867
245,3986,36005038000,40.878,-73.862
246,3988,36005038200,40.877,-73.855
247,3991,36005038500,40.856,-73.892
248,3992,36005038600,40.88,-73.848
249,3993,36005038700,40.858,-73.889
250,3995,36005038900,40.856,-73.885
251,3996,36005039000,40.881,-73.861
252,3997,36005039100,40.853,-73.887
253,3998,36005039200,40.883,-73.865
254,3999,36005039300,40.853,-73.883
255,4000,36005039400,40.886,-73.863
256,4001,36005039500,40.848,-73.897
257,4002,36005039600,40.884,-73.859
258,4003,36005039700,40.862,-73.885
259,4005,36005039901,40.864,-73.894
260,4006,36005039902,40.86,-73.895
261,4007,36005040100,40.865,-73.898
262,4013,36005040502,40.866,-73.889
263,4014,36005040600,40.888,-73.857
264,4015,36005040701,40.872,-73.89
265,4016,36005040702,40.869,-73.887
266,4017,36005040800,40.89,-73.862
267,4018,36005040900,40.877,-73.893
268,4020,36005041300,40.874,-73.885
269,4021,36005041400,40.904,-73.854
270,4022,36005041500,40.87,-73.884
271,4024,36005041900,40.877,-73.882
272,4025,36005042000,40.893,-73.86
273,4026,36005042100,40.881,-73.883
274,4027,36005042200,40.891,-73.855
275,4028,36005042300,40.877,-73.877
276,4030,36005042500,40.871,-73.879
277,4031,36005042600,40.891,-73.842
278,4034,36005042902,40.877,-73.874
279,4035,36005043000,40.893,-73.851
280,4037,36005043400,40.898,-73.852
281,4039,36005043600,40.897,-73.85
282,4040,36005044200,40.904,-73.846
283,4048,36005045800,40.886,-73.845
284,4050,36005046201,40.874,-73.827
285,4051,36005046202,40.879,-73.834
286,4058,36007000500,42.108,-75.904
287,4060,36007000700,42.109,-75.872
288,4071,36007011901,42.368,-75.917
289,4072,36007011902,42.28,-75.913
290,4074,36007012000,42.282,-76.028
291,4075,36007012101,42.209,-75.875
292,4076,36007012102,42.175,-75.855
293,4078,36007012201,42.154,-75.862
294,4081,36007012400,42.092,-75.482
295,4083,36007012600,42.089,-75.803
296,4088,36007013000,42.124,-76
297,4104,36007014301,42.084,-75.999
298,4106,36007014400,42.084,-76.035
299,4126,36009961700,42.083,-78.436
300,4129,36011040100,43.269,-76.656
301,4130,36011040200,43.17,-76.539
302,4131,36011040300,43.094,-76.644
303,4132,36011040400,43.046,-76.545
304,4134,36011040600,42.972,-76.512
305,4136,36011040800,42.78,-76.409
306,4137,36011040900,42.688,-76.348
307,4141,36011041300,42.945,-76.583
308,4147,36011042100,42.929,-76.583
309,4153,36013030600,42.096,-79.218
310,4156,36013035100,42.542,-79.145
311,4160,36013035600,42.48,-79.346
312,4165,36013036000,42.407,-79.353
313,4167,36013036300,42.366,-79.467
314,4172,36013036700,42.072,-79.625
315,4179,36013037300,42.138,-79.231
316,4182,36013037600,42.486,-79.119
317,4183,36015000100,42.107,-76.803
318,4188,36015000600,42.092,-76.815
319,4194,36015010200,42.246,-76.847
320,4196,36015010400,42.173,-76.838
321,4197,36015010500,42.167,-76.824
322,4198,36015010600,42.138,-76.844
323,4205,36017970100,42.692,-75.488
324,4206,36017970200,42.615,-75.748
325,4207,36017970300,42.533,-75.527
326,4209,36017970500,42.59,-75.422
327,4210,36017970601,42.536,-75.556
328,4213,36017970801,42.343,-75.518
329,4215,36017970900,42.249,-75.54
330,4219,36019100300,44.9,-73.664
331,4220,36019100400,44.847,-73.879
332,4221,36019100600,44.77,-73.523
333,4223,36019100800,44.721,-73.466
334,4231,36019101800,44.58,-73.8
335,4232,36019101900,44.581,-73.58
336,4240,36021000402,42.44,-73.685
337,4243,36021000700,42.312,-73.651
338,4245,36021000900,42.224,-73.532
339,4247,36021001100,42.226,-73.79
340,4249,36021001300,42.248,-73.788
341,4250,36021001400,42.14,-73.795
342,4252,36021001600,42.129,-73.551
343,4254,36021001800,42.051,-73.71
344,4258,36023970200,42.703,-76.172
345,4259,36023970300,42.639,-76.184
346,4260,36023970400,42.588,-76.12
347,4261,36023970500,42.608,-76.17
348,4262,36023970600,42.599,-76.174
349,4267,36023971100,42.487,-75.966
350,4268,36023971200,42.48,-76.162
351,4272,36025970400,42.307,-75.277
352,4274,36025970600,42.174,-75.127
353,4281,36025971300,42.04,-74.961
354,4282,36025971400,41.957,-75.163
355,4283,36027010000,41.824,-73.553
356,4288,36027040001,41.714,-73.563
357,4289,36027040003,41.651,-73.585
358,4293,36027050203,41.552,-73.812
359,4296,36027060100,41.533,-73.964
360,4298,36027060202,41.494,-73.939
361,4304,36027070201,41.775,-73.929
362,4306,36027070401,41.749,-73.913
363,4312,36027100000,41.945,-73.542
364,4315,36027110005,41.563,-73.599
365,4316,36027120000,41.969,-73.652
366,4320,36027140101,41.727,-73.916
367,4334,36027160005,41.929,-73.908
368,4335,36027170000,41.888,-73.692
369,4340,36027190204,41.586,-73.88
370,4344,36027200001,41.792,-73.673
371,4346,36027210101,41.511,-73.965
372,4350,36027220201,41.711,-73.924
373,4356,36027221100,41.7,-73.918
374,4357,36027300000,41.599,-73.918
375,4363,36029000500,42.864,-78.863
376,4378,36029002702,42.899,-78.834
377,4379,36029002800,42.9,-78.821
378,4381,36029003000,42.904,-78.806
379,4434,36029007600,43.007,-78.863
380,4437,36029007901,43.017,-78.844
381,4438,36029007902,42.997,-78.839
382,4441,36029007905,43.009,-78.836
383,4442,36029008001,42.976,-78.834
384,4445,36029008101,42.991,-78.865
385,4447,36029008201,42.99,-78.879
386,4448,36029008202,42.976,-78.88
387,4450,Indeck Yerkes Energy Center,42.975,-78.915
388,4453,36029008700,42.966,-78.875
389,4460,36029009009,43.058,-78.736
390,4461,36029009010,43.029,-78.725
391,4464,36029009107,43.038,-78.813
392,4468,36029009113,43.014,-78.753
393,4494,36029010500,42.917,-78.788
394,4496,36029010700,42.91,-78.773
395,4497,36029010803,42.901,-78.742
396,4501,36029010808,42.874,-78.747
397,4504,36029010902,42.886,-78.764
398,4506,36029011100,42.88,-78.792
399,4507,36029011200,42.855,-78.731
400,4508,36029011300,42.861,-78.781
401,4524,36029013001,42.784,-78.844
402,4526,36029013101,42.751,-78.878
403,4527,36029013102,42.721,-78.927
404,4535,36029013701,42.784,-78.771
405,4540,36029014101,42.824,-78.607
406,4541,36029014102,42.822,-78.667
407,4542,36029014204,42.904,-78.613
408,4553,36029014604,43.021,-78.674
409,4555,36029014702,42.984,-78.611
410,4556,36029014801,43.021,-78.494
411,4557,36029014803,43.019,-78.524
412,4558,36029014901,42.899,-78.495
413,4559,36029014903,42.912,-78.522
414,4560,36029014904,42.93,-78.552
415,4561,36029015001,42.825,-78.532
416,4565,36029015102,42.562,-78.55
417,4570,36029015401,42.701,-78.987
418,4571,36029015402,42.677,-78.995
419,4573,36029015503,42.631,-79.001
420,4579,36029016100,42.486,-78.932
421,4581,36029016300,42.872,-78.831
422,4588,36029017000,42.925,-78.83
423,4590,36029017200,43.017,-78.864
424,4601,36031960598,44.219,-73.994
425,4607,36031961200,43.851,-73.507
426,4629,36035970600,43.044,-74.395
427,4637,36035971400,43.004,-74.205
428,4638,36035971500,43.066,-74.151
429,4640,36037950100,43.088,-78.022
430,4642,36037950300,43.041,-78.382
431,4643,36037950400,43.001,-78.226
432,4644,36037950500,43.006,-78.2
433,4645,36037950600,43.007,-78.187
434,4646,36037950700,42.993,-78.193
435,4647,36037950800,43.005,-78.177
436,4648,36037950900,43.002,-78.163
437,4649,36037951000,42.989,-78.168
438,4651,36037951200,42.981,-77.982
439,4653,36037951400,42.913,-78.328
440,4654,36039080100,42.419,-73.859
441,4657,36039080300,42.318,-74.29
442,4659,36039080402,42.219,-74.332
443,4662,West Coxsackie,42.345,-73.87
444,4665,36039080900,42.282,-73.864
445,4667,36039081101,42.217,-73.984
446,4668,36039081102,42.198,-73.921
447,4673,36043010100,42.922,-75.059
448,4675,36043010202,43.039,-75.142
449,4680,36043010701,43.05,-74.865
450,4681,36043010702,43.041,-74.839
451,4687,36043011301,43.072,-74.978
452,4688,36043011302,43.105,-75.091
453,4705,36045061300,43.983,-75.892
454,4714,36045062400,43.869,-75.87
455,4717,36047000100,40.698,-73.992
456,4718,36047000200,40.653,-74.011
457,4721,36047000502,40.695,-73.993
458,4723,36047000900,40.692,-73.992
459,4727,36047001800,40.657,-74.01
460,4728,36047002000,40.648,-74.016
461,4729,36047002100,40.703,-73.983
462,4730,36047002200,40.643,-74.022
463,4734,36047003100,40.692,-73.978
464,4741,36047003900,40.685,-73.981
465,4745,36047004500,40.688,-73.995
466,4753,36047005300,40.674,-74.008
467,4757,36047005800,40.619,-74.032
468,4766,36047006800,40.635,-74.026
469,4775,36047007800,40.646,-74.012
470,4776,36047008000,40.649,-74.01
471,4781,36047008800,40.65,-74.001
472,4782,36047009000,40.647,-73.997
473,4786,36047009800,40.644,-74.008
474,4787,36047010000,40.642,-74.01
475,4791,36047010600,40.639,-74.006
476,4792,36047010800,40.641,-74.004
477,4793,36047011000,40.645,-73.993
478,4795,36047011400,40.639,-73.999
479,4806,36047012901,40.682,-73.979
480,4809,36047013100,40.678,-73.98
481,4811,36047013300,40.675,-73.981
482,4813,36047013500,40.673,-73.983
483,4815,36047013700,40.67,-73.985
484,4825,36047014900,40.662,-73.985
485,4829,36047015300,40.668,-73.981
486,4830,36047015400,40.611,-74.019
487,4831,36047015500,40.671,-73.979
488,4832,36047015700,40.673,-73.976
489,4833,36047015900,40.675,-73.973
490,4834,36047016000,40.619,-74.027
491,4835,36047016100,40.68,-73.973
492,4846,36047017200,40.609,-74.01
493,4851,36047017800,40.607,-74.005
494,4853,36047018000,40.608,-74.007
495,4858,36047018501,40.695,-73.974
496,4865,36047019300,40.691,-73.963
497,4867,36047019500,40.691,-73.967
498,4869,36047019700,40.688,-73.967
499,4871,36047019900,40.684,-73.967
500,4882,36047021100,40.697,-73.975
501,4884,36047021300,40.668,-73.96
502,4888,36047021700,40.673,-73.959
503,4894,36047022400,40.641,-73.99
504,4895,36047022600,40.642,-73.986
505,4896,36047022700,40.682,-73.957
506,4897,36047022800,40.639,-73.982
507,4902,36047023300,40.689,-73.957
508,4903,36047023400,40.634,-73.988
509,4908,36047024100,40.692,-73.954
510,4910,36047024300,40.687,-73.953
511,4926,36047025901,40.695,-73.946
512,4929,36047026100,40.692,-73.946
513,4939,36047027100,40.679,-73.937
514,4941,36047027300,40.681,-73.937
515,4943,36047027500,40.684,-73.938
516,4945,36047027700,40.687,-73.939
517,4946,36047027800,40.607,-74.001
518,4949,36047028100,40.693,-73.94
519,4951,36047028300,40.695,-73.94
520,4952,36047028400,40.606,-73.999
521,4953,36047028501,40.699,-73.942
522,4955,36047028600,40.6,-74.002
523,4956,36047028700,40.696,-73.935
524,4957,36047028800,40.605,-73.997
525,4959,36047029000,40.603,-73.994
526,4965,36047029600,40.601,-73.993
527,4968,36047029900,40.678,-73.926
528,4971,36047030200,40.596,-73.991
529,4973,36047030400,40.593,-73.993
530,4974,36047030500,40.677,-73.959
531,4976,36047030700,40.676,-73.926
532,4977,36047030800,40.587,-73.98
533,4979,36047031100,40.676,-73.939
534,4988,36047032500,40.667,-73.958
535,4994,36047033100,40.664,-73.942
536,4995,36047033300,40.666,-73.943
537,4998,36047033700,40.669,-73.942
538,4999,36047033900,40.671,-73.942
539,5005,36047034700,40.673,-73.928
540,5006,36047034800,40.581,-73.983
541,5009,36047035100,40.668,-73.933
542,5012,36047035400,40.58,-73.973
543,5013,36047035500,40.664,-73.933
544,5028,36047036900,40.68,-73.909
545,5037,36047038100,40.681,-73.925
546,5039,36047038300,40.685,-73.926
547,5040,36047038500,40.687,-73.927
548,5042,36047038700,40.691,-73.928
549,5044,36047038900,40.699,-73.937
550,5050,36047039500,40.693,-73.925
551,5060,36047040500,40.682,-73.905
552,5066,36047041100,40.688,-73.907
553,5075,36047041900,40.695,-73.921
554,5077,36047042100,40.697,-73.924
555,5079,36047042300,40.699,-73.927
556,5080,36047042400,40.607,-73.976
557,5083,36047042700,40.704,-73.927
558,5086,36047043000,40.609,-73.984
559,5087,36047043100,40.7,-73.92
560,5093,36047043700,40.693,-73.908
561,5095,36047043900,40.698,-73.909
562,5099,36047044300,40.703,-73.917
563,5101,36047044500,40.705,-73.92
564,5103,36047044700,40.707,-73.923
565,5105,36047044900,40.718,-73.931
566,5109,36047045400,40.619,-73.965
567,5120,36047047600,40.631,-73.981
568,5125,36047048200,40.633,-73.97
569,5126,36047048400,40.634,-73.974
570,5130,36047048900,40.703,-73.939
571,5131,36047049000,40.638,-73.973
572,5132,36047049100,40.704,-73.944
573,5134,36047049300,40.708,-73.941
574,5137,36047049600,40.644,-73.98
575,5140,36047049900,40.721,-73.947
576,5141,36047050000,40.648,-73.977
577,5148,36047050700,40.701,-73.947
578,5149,36047050801,40.651,-73.961
579,5154,36047051002,40.649,-73.96
580,5157,36047051300,40.712,-73.952
581,5159,36047051500,40.719,-73.951
582,5162,36047051700,40.721,-73.955
583,5164,36047051900,40.716,-73.955
584,5169,36047052700,40.708,-73.954
585,5171,36047052900,40.706,-73.955
586,5173,36047053100,40.701,-73.954
587,5175,36047053300,40.704,-73.957
588,5180,36047053900,40.703,-73.963
589,5184,36047054500,40.705,-73.965
590,5186,36047054700,40.709,-73.967
591,5190,36047055100,40.713,-73.963
592,5199,36047056100,40.726,-73.955
593,5201,36047056300,40.733,-73.955
594,5203,36047056500,40.73,-73.955
595,5207,36047057000,40.599,-73.937
596,5208,36047057100,40.725,-73.948
597,5209,36047057200,40.596,-73.938
598,5210,36047057300,40.728,-73.949
599,5212,36047057500,40.732,-73.953
600,5215,36047057900,40.734,-73.948
601,5269,36047069601,40.627,-73.915
602,5271,36047069800,40.612,-73.916
603,5273,36047070201,40.609,-73.909
604,5274,36047070202,40.594,-73.892
605,5277,36047072200,40.632,-73.924
606,5306,36047078200,40.638,-73.941
607,5316,36047079802,40.658,-73.961
608,5321,36047080800,40.657,-73.939
609,5324,36047081600,40.654,-73.944
610,5332,36047083200,40.642,-73.942
611,5341,36047085400,40.645,-73.944
612,5342,36047085600,40.649,-73.945
613,5353,36047087800,40.659,-73.931
614,5354,36047088000,40.662,-73.931
615,5359,36047089000,40.657,-73.915
616,5362,36047089600,40.658,-73.912
617,5366,36047090600,40.67,-73.909
618,5370,36047091600,40.659,-73.909
619,5371,36047091800,40.662,-73.905
620,5374,36047092400,40.667,-73.911
621,5384,36047095000,40.636,-73.917
622,5415,36047105801,40.649,-73.881
623,5416,36047105804,40.646,-73.883
624,5420,36047110400,40.657,-73.889
625,5421,36047110600,40.657,-73.884
626,5422,36047111000,40.661,-73.881
627,5423,36047111600,40.664,-73.876
628,5424,36047111800,40.669,-73.876
629,5433,36047114201,40.68,-73.897
630,5435,36047114400,40.673,-73.899
631,5439,36047115600,40.668,-73.896
632,5451,36047117602,40.686,-73.874
633,5452,36047117800,40.682,-73.874
634,5453,36047118000,40.689,-73.878
635,5454,36047118201,40.688,-73.872
636,5455,36047118202,40.689,-73.869
637,5461,36047119400,40.673,-73.877
638,5462,36047119600,40.676,-73.873
639,5470,36047123700,40.697,-73.957
640,5475,36049950300,43.854,-75.626
641,5480,36051030100,42.953,-77.829
642,5482,36051030202,42.847,-77.727
643,5495,36053030501,42.928,-75.85
644,5497,36053030700,42.88,-75.691
645,5499,36053030900,42.815,-75.542
646,5516,36055001800,43.196,-77.653
647,5517,36055001900,43.199,-77.631
648,5518,36055002000,43.19,-77.634
649,5520,36055002200,43.181,-77.64
650,5521,Rochester 5,43.175,-77.633
651,5534,36055003805,43.12,-77.628
652,5547,36055005400,43.174,-77.568
653,5549,36055005600,43.168,-77.581
654,5550,36055005700,43.165,-77.576
655,5552,36055005900,43.16,-77.574
656,5574,36055008301,43.182,-77.567
657,5576,36055008500,43.251,-77.616
658,5579,36055008702,43.151,-77.662
659,5590,36055010100,43.247,-77.596
660,5594,36055010500,43.22,-77.578
661,5597,36055010700,43.226,-77.549
662,5601,36055011000,43.185,-77.544
663,5603,36055011201,43.22,-77.521
664,5605,36055011205,43.222,-77.482
665,5606,36055011207,43.206,-77.494
666,5607,36055011208,43.205,-77.459
667,5608,36055011301,43.25,-77.408
668,5609,36055011302,43.239,-77.46
669,5610,36055011400,43.213,-77.409
670,5611,36055011501,43.189,-77.45
671,5619,36055011703,43.104,-77.4
672,5624,36055011800,43.099,-77.444
673,5625,36055011901,43.114,-77.458
674,5628,36055012100,43.111,-77.491
675,5645,36055013103,43.081,-77.677
676,5646,36055013104,43.081,-77.633
677,5648,36055013204,43.039,-77.628
678,5673,36055014202,43.148,-77.737
679,5677,36055014302,43.157,-77.693
680,5683,36055014601,43.075,-77.798
681,5684,36055014602,43.075,-77.736
682,5693,36055015000,43.08,-77.875
683,5702,36055980100,43.233,-77.567
684,5706,36057070500,42.956,-74.199
685,5715,36057072500,42.927,-74.697
686,5716,36057072600,42.866,-74.605
687,5719,36059300100,40.816,-73.738
688,5720,36059300300,40.804,-73.742
689,5721,36059300400,40.802,-73.726
690,5722,36059300500,40.788,-73.742
691,5724,36059300700,40.787,-73.726
692,5725,36059300800,40.775,-73.728
693,5730,36059301200,40.827,-73.695
694,5736,36059301800,40.787,-73.699
695,5738,36059302000,40.805,-73.647
696,5741,36059302200,40.786,-73.648
697,5743,36059302400,40.772,-73.648
698,5744,36059302501,40.773,-73.633
699,5746,36059302600,40.732,-73.702
700,5749,36059302900,40.746,-73.678
701,5750,36059303000,40.735,-73.685
702,5759,36059303600,40.745,-73.641
703,5760,36059303700,40.749,-73.628
704,5761,36059303800,40.75,-73.612
705,5771,36059404500,40.725,-73.697
706,5773,36059404700,40.726,-73.686
707,5775,36059404901,40.702,-73.722
708,5776,36059404902,40.704,-73.715
709,5777,36059405000,40.701,-73.703
710,5779,36059405200,40.701,-73.693
711,5782,36059405400,40.699,-73.685
712,5783,36059405500,40.703,-73.672
713,5784,36059405600,40.696,-73.673
714,5785,36059405700,40.687,-73.678
715,5788,36059406001,40.701,-73.654
716,5790,36059406100,40.708,-73.647
717,5798,36059406702,40.711,-73.635
718,5799,36059406801,40.711,-73.627
719,5800,36059406802,40.713,-73.622
720,5801,36059406900,40.716,-73.614
721,5808,36059407301,40.732,-73.598
722,5809,36059407302,40.715,-73.589
723,5811,36059407402,40.703,-73.583
724,5813,36059407502,40.694,-73.588
725,5815,36059407700,40.736,-73.568
726,5816,36059407801,40.737,-73.548
727,5817,36059407802,40.732,-73.553
728,5818,36059407900,40.707,-73.575
729,5819,36059408000,40.715,-73.568
730,5821,36059408200,40.719,-73.554
731,5836,36059409700,40.697,-73.506
732,5846,36059410700,40.653,-73.696
733,5847,36059410800,40.653,-73.707
734,5848,36059410900,40.656,-73.719
735,5849,36059411000,40.623,-73.749
736,5851,36059411200,40.625,-73.728
737,5857,36059411700,40.642,-73.694
738,5860,36059411902,40.651,-73.683
739,5862,36059412100,40.646,-73.666
740,5866,36059412400,40.661,-73.642
741,5873,36059413002,40.636,-73.653
742,5875,36059413200,40.631,-73.643
743,5877,36059413400,40.627,-73.628
744,5901,36059415102,40.647,-73.558
745,5915,36059416300,40.589,-73.724
746,5916,36059416401,40.587,-73.696
747,5918,36059416500,40.591,-73.669
748,5928,36059517200,40.856,-73.63
749,5932,36059517500,40.828,-73.635
750,5934,36059517701,40.834,-73.563
751,5935,36059517705,40.808,-73.577
752,5940,36059518000,40.865,-73.533
753,5942,36059518201,40.859,-73.492
754,5943,36059518203,40.827,-73.47
755,5944,36059518204,40.807,-73.471
756,5953,36059519000,40.752,-73.54
757,5955,36059519200,40.753,-73.514
758,5956,36059519300,40.766,-73.514
759,5959,36059519601,40.78,-73.498
760,5960,36059519602,40.777,-73.488
761,5961,36059519702,40.791,-73.46
762,5963,36059519704,40.782,-73.476
763,5967,36059520001,40.748,-73.492
764,5968,36059520002,40.742,-73.475
765,5969,36059520100,40.756,-73.454
766,5971,36059520300,40.721,-73.476
767,5993,36059522000,40.68,-73.429
768,5997,36059982100,40.793,-73.57
769,6000,36061000202,40.707,-73.978
770,6001,36061000600,40.713,-73.99
771,6003,36061000800,40.712,-73.995
772,6007,36061001200,40.716,-73.983
773,6011,36061001501,40.709,-74.003
774,6016,36061002100,40.714,-74.01
775,6017,36061002201,40.719,-73.982
776,6018,36061002202,40.721,-73.981
777,6021,36061002601,40.723,-73.98
778,6022,36061002602,40.724,-73.979
779,6024,36061002800,40.727,-73.977
780,6034,36061003700,40.726,-74.009
781,6036,36061003900,40.721,-74.012
782,6037,36061004000,40.731,-73.986
783,6041,36061004400,40.731,-73.976
784,6044,36061004800,40.734,-73.984
785,6046,36061005000,40.736,-73.987
786,6047,36061005200,40.737,-73.99
787,6049,36061005501,40.728,-73.997
788,6054,36061005900,40.731,-73.995
789,6055,36061006000,40.734,-73.974
790,6056,36061006100,40.734,-73.992
791,6057,36061006200,40.738,-73.972
792,6059,36061006400,40.737,-73.981
793,6060,36061006500,40.73,-74
794,6061,36061006600,40.74,-73.979
795,6063,36061006800,40.74,-73.984
796,6064,36061006900,40.731,-74.011
797,6065,36061007000,40.743,-73.977
798,6067,36061007200,40.745,-73.981
799,6068,36061007300,40.734,-74.004
800,6076,36061008100,40.74,-73.999
801,6077,36061008200,40.751,-73.981
802,6081,36061008603,40.754,-73.964
803,6082,36061008700,40.742,-73.997
804,6086,36061009100,40.745,-73.995
805,6090,36061009500,40.747,-73.993
806,6091,36061009600,40.756,-73.981
807,6093,36061009800,40.756,-73.968
808,6096,36061010100,40.75,-73.992
809,6100,36061010601,40.757,-73.962
810,6101,36061010602,40.76,-73.959
811,6102,36061010800,40.759,-73.965
812,6103,36061010900,40.752,-73.99
813,6109,36061011300,40.755,-73.988
814,6115,36061011800,40.765,-73.961
815,6120,36061012400,40.767,-73.954
816,6121,36061012500,40.76,-73.984
817,6122,36061012600,40.768,-73.959
818,6128,36061013200,40.77,-73.952
819,6130,36061013400,40.772,-73.956
820,6132,36061013600,40.773,-73.949
821,6134,36061013800,40.775,-73.954
822,6136,36061014000,40.776,-73.958
823,6137,36061014200,40.777,-73.961
824,6138,36061014300,40.782,-73.966
825,6140,36061014402,40.776,-73.945
826,6145,36061014801,40.779,-73.956
827,6146,36061014802,40.781,-73.954
828,6147,36061014900,40.772,-73.982
829,6148,36061015001,40.78,-73.959
830,6149,36061015002,40.782,-73.958
831,6152,36061015300,40.775,-73.981
832,6157,36061015700,40.777,-73.979
833,6158,36061015801,40.784,-73.952
834,6159,36061015802,40.787,-73.95
835,6160,36061015900,40.78,-73.986
836,6163,36061016100,40.78,-73.977
837,6165,36061016300,40.783,-73.985
838,6167,36061016500,40.782,-73.975
839,6168,36061016600,40.789,-73.948
840,6169,36061016700,40.786,-73.982
841,6171,36061016900,40.785,-73.973
842,6172,36061017000,40.791,-73.942
843,6174,36061017200,40.794,-73.945
844,6175,36061017300,40.788,-73.971
845,6178,36061017500,40.791,-73.979
846,6179,36061017700,40.79,-73.969
847,6180,36061017800,40.794,-73.933
848,6182,36061018000,40.794,-73.94
849,6183,36061018100,40.793,-73.968
850,6184,36061018200,40.798,-73.942
851,6186,36061018400,40.8,-73.945
852,6188,36061018600,40.799,-73.95
853,6189,36061018700,40.799,-73.973
854,6190,36061018800,40.798,-73.937
855,6191,36061018900,40.797,-73.964
856,6192,36061019000,40.802,-73.948
857,6193,36061019100,40.801,-73.971
858,6194,36061019200,40.8,-73.929
859,6195,36061019300,40.801,-73.962
860,6196,36061019400,40.8,-73.935
861,6198,36061019600,40.803,-73.939
862,6200,36061019702,40.802,-73.958
863,6201,36061019800,40.804,-73.942
864,6202,36061019900,40.806,-73.968
865,6206,36061020300,40.809,-73.962
866,6207,36061020500,40.811,-73.966
867,6209,36061020701,40.809,-73.958
868,6211,36061020901,40.812,-73.955
869,6213,36061021100,40.815,-73.962
870,6214,36061021200,40.814,-73.939
871,6215,36061021303,40.815,-73.953
872,6217,36061021500,40.814,-73.949
873,6218,36061021600,40.801,-73.954
874,6220,36061021800,40.803,-73.953
875,6221,36061021900,40.818,-73.959
876,6222,36061022000,40.806,-73.951
877,6225,36061022301,40.822,-73.956
878,6226,36061022302,40.821,-73.959
879,6228,36061022500,40.824,-73.955
880,6229,36061022600,40.813,-73.945
881,6232,36061022900,40.827,-73.953
882,6233,36061023000,40.818,-73.941
883,6234,36061023100,40.826,-73.944
884,6235,36061023200,40.821,-73.94
885,6236,36061023300,40.829,-73.952
886,6238,36061023501,40.829,-73.942
887,6241,36061023700,40.832,-73.95
888,6242,36061023900,40.832,-73.941
889,6243,36061024000,40.786,-73.92
890,6244,36061024100,40.835,-73.948
891,6245,36061024200,40.806,-73.933
892,6248,36061024500,40.837,-73.942
893,6249,36061024700,40.839,-73.948
894,6251,36061025100,40.84,-73.94
895,6252,36061025300,40.843,-73.938
896,6254,36061025700,40.808,-73.954
897,6257,36061026300,40.847,-73.937
898,6264,36061027700,40.855,-73.927
899,6270,36061029100,40.864,-73.924
900,6271,36061029300,40.866,-73.92
901,6275,36061030300,40.869,-73.919
902,6276,36061030700,40.871,-73.917
903,6277,36061030900,40.876,-73.91
904,6283,36063020200,43.118,-79.043
905,6284,36063020300,43.106,-79.013
906,6296,36063022000,43.083,-78.994
907,6304,36063022702,43.101,-78.766
908,6305,36063022711,43.105,-78.873
909,6309,36063022901,43.048,-78.885
910,6314,36063023300,43.034,-78.846
911,6319,36063023500,43.184,-78.69
912,6320,36063023600,43.168,-78.715
913,6329,36063024201,43.259,-78.686
914,6339,36063024502,43.253,-78.963
915,6343,36065020300,43.1,-75.234
916,6345,36065020802,43.094,-75.198
917,6346,36065020803,43.098,-75.216
918,6347,36065020900,43.102,-75.247
919,6348,36065021000,43.098,-75.224
920,6350,36065021102,43.094,-75.254
921,6352,36065021201,43.09,-75.229
922,6355,36065021302,43.089,-75.215
923,6359,36065021500,43.09,-75.237
924,6360,36065021601,43.115,-75.187
925,6363,36065021702,43.084,-75.282
926,6365,36065022000,43.225,-75.477
927,6369,36065022500,43.21,-75.431
928,6371,36065022702,43.255,-75.494
929,6376,36065023400,43.1,-75.289
930,6377,36065023501,43.109,-75.307
931,6378,36065023502,43.121,-75.336
932,6386,36065024301,43.288,-75.476
933,6387,36065024302,43.329,-75.522
934,6389,36065024400,43.384,-75.68
935,6399,36065025600,42.972,-75.439
936,6400,36065025700,42.9,-75.376
937,6401,36065025800,42.906,-75.259
938,6403,36065026100,43.154,-75.368
939,6405,36065026300,43.216,-75.458
940,6406,36065026400,43.091,-75.244
941,6409,36065026700,43.256,-75.761
942,6410,36065940000,43.07,-75.599
943,6411,36065940100,43.159,-75.619
944,6412,36065940200,43.066,-75.533
945,6413,36065980002,43.108,-75.209
946,6415,36065980100,43.228,-75.407
947,6419,36067000400,43.076,-76.138
948,6423,36067000800,43.068,-76.139
949,6425,36067001000,43.072,-76.11
950,6427,36067001500,43.061,-76.14
951,6428,36067001600,43.057,-76.138
952,6430,36067001702,43.061,-76.118
953,6432,36067001900,43.064,-76.097
954,6436,36067002400,43.054,-76.135
955,6438,36067002901,43.044,-76.182
956,6441,36067003400,43.049,-76.134
957,6442,36067003500,43.048,-76.12
958,6448,36067004200,43.039,-76.149
959,6450,36067004302,43.04,-76.135
960,6452,36067004500,43.036,-76.118
961,6457,36067005100,43.024,-76.16
962,6461,36067005500,43.021,-76.134
963,6462,36067005601,43.024,-76.121
964,6463,36067005602,43.018,-76.117
965,6465,36067005800,43.02,-76.153
966,6466,36067005900,43.017,-76.145
967,6467,36067006000,42.998,-76.156
968,6468,36067006101,43.007,-76.141
969,6486,36067011101,43.141,-76.222
970,6487,36067011102,43.132,-76.2
971,6489,36067011202,43.177,-76.24
972,6490,36067011231,43.158,-76.221
973,6491,36067011232,43.169,-76.206
974,6494,36067011300,43.213,-76.203
975,6495,36067011401,43.194,-76.303
976,6496,36067011402,43.187,-76.411
977,6498,36067011600,43.169,-76.34
978,6499,36067011700,43.149,-76.34
979,6500,36067011800,43.123,-76.296
980,6501,36067011900,43.119,-76.371
981,6502,36067012000,43.053,-76.438
982,6510,36067012800,43.092,-76.237
983,6511,36067012900,43.062,-76.215
984,6512,36067013000,43.053,-76.21
985,6514,36067013200,43.04,-76.202
986,6519,36067013701,43.089,-76.166
987,6523,36067014200,43.083,-76.129
988,6525,36067014400,43.096,-76.097
989,6526,36067014500,43.096,-76.059
990,6527,36067014600,43.05,-76.06
991,6531,36067015000,43.043,-75.992
992,6532,36067015100,43.019,-76
993,6533,36067015201,43.003,-76.007
994,6536,36067015400,43.078,-76.017
995,6537,36067015500,43.052,-76.022
996,6539,36067015700,42.923,-75.98
997,6540,36067015800,42.906,-76.103
998,6543,36067016100,42.973,-76.12
999,6544,36067016200,42.976,-76.147
1000,6549,36067016600,42.977,-76.414
1001,6550,36067016700,42.899,-76.435
1002,6554,36067016902,42.822,-75.991
1003,6558,36069050201,42.994,-77.303
1004,6559,36069050202,42.959,-77.345
1005,6560,36069050301,43.003,-77.185
1006,6575,36069051700,42.881,-76.979
1007,6583,36071000300,41.506,-74.023
1008,6584,36071000400,41.505,-74.01
1009,6585,36071000501,41.498,-74.014
1010,6586,36071000502,41.493,-74.014
1011,6587,36071000600,41.498,-74.037
1012,6591,36071001500,41.436,-74.416
1013,6595,36071002300,41.374,-74.698
1014,6598,36071010200,41.543,-74.011
1015,6604,36071010801,41.504,-74.226
1016,6608,36071011000,41.498,-74.358
1017,6613,36071011400,41.48,-74.453
1018,6615,36071011601,41.421,-74.642
1019,6616,36071011602,41.462,-74.675
1020,6621,36071011900,41.38,-74.361
1021,6625,36071012601,41.481,-74.06
1022,6627,36071012700,41.482,-74.026
1023,6628,36071012800,41.465,-74.03
1024,6630,36071013000,41.442,-74.047
1025,6631,36071013100,41.413,-74.053
1026,6637,36071013600,41.362,-74.026
1027,6638,36071013700,41.372,-73.969
1028,6642,36071014102,41.313,-74.155
1029,6645,36071014301,41.362,-74.27
1030,6650,36071014600,41.258,-74.347
1031,6652,36071014800,41.207,-74.274
1032,6658,36071015100,41.45,-74.433
1033,6665,36073040700,43.244,-78.192
1034,6666,36073040801,43.178,-78.057
1035,6673,36075020302,43.545,-76.138
1036,6674,36075020400,43.455,-76.205
1037,6675,36075020500,43.433,-76.013
1038,6676,36075020600,43.287,-75.956
1039,6679,36075020703,43.34,-76.156
1040,6682,36075020902,43.266,-76.274
1041,6683,36075021000,43.359,-76.373
1042,6687,36075021104,43.322,-76.428
1043,6688,36075021200,43.292,-76.441
1044,6689,36075021300,43.31,-76.552
1045,6690,36075021401,43.404,-76.555
1046,6691,36075021402,43.399,-76.482
1047,6694,36075021601,43.458,-76.516
1048,6695,36075021602,43.448,-76.527
1049,6696,36075021603,43.44,-76.504
1050,6697,36075021604,43.446,-76.487
1051,6698,36075021605,43.466,-76.489
1052,6699,36077590100,42.769,-74.828
1053,6701,36077590202,42.742,-74.982
1054,6705,36077590600,42.677,-74.756
1055,6717,36079010200,41.486,-73.599
1056,6720,36079010500,41.476,-73.741
1057,6721,36079010600,41.447,-73.905
1058,6722,36079010700,41.426,-73.948
1059,6723,36079010800,41.354,-73.926
1060,6724,36079010900,41.369,-73.86
1061,6725,36079011000,41.411,-73.825
1062,6726,36079011100,41.396,-73.774
1063,6727,36079011200,41.358,-73.77
1064,6729,36079011400,41.401,-73.739
1065,6732,36079011700,41.379,-73.609
1066,6733,36079011800,41.426,-73.618
1067,6734,36079011900,41.417,-73.569
1068,6735,36081000100,40.741,-73.944
1069,6737,36081000400,40.69,-73.865
1070,6739,36081000700,40.745,-73.95
1071,6741,36081001000,40.691,-73.859
1072,6742,36081001200,40.694,-73.861
1073,6746,36081001900,40.748,-73.944
1074,6750,36081002500,40.755,-73.945
1075,6770,36081005100,40.756,-73.932
1076,6772,36081005300,40.76,-73.929
1077,6774,36081005500,40.754,-73.928
1078,6775,36081005700,40.757,-73.926
1079,6777,36081005900,40.76,-73.924
1080,6778,36081006100,40.762,-73.922
1081,6779,36081006201,40.667,-73.847
1082,6781,36081006300,40.764,-73.92
1083,6782,36081006501,40.768,-73.918
1084,6784,36081006900,40.772,-73.922
1085,6785,36081007100,40.769,-73.923
1086,6786,36081007300,40.767,-73.925
1087,6787,36081007500,40.765,-73.927
1088,6794,36081008700,40.775,-73.931
1089,6795,36081008800,40.671,-73.839
1090,6796,36081009100,40.775,-73.928
1091,6800,36081009700,40.776,-73.919
1092,6802,36081009900,40.779,-73.923
1093,6804,36081010100,40.778,-73.916
1094,6805,36081010200,40.679,-73.823
1095,6806,36081010300,40.781,-73.915
1096,6810,36081010701,40.786,-73.901
1097,6815,36081011300,40.776,-73.908
1098,6817,36081011500,40.774,-73.913
1099,6819,36081011700,40.772,-73.91
1100,6821,36081011900,40.771,-73.906
1101,6823,36081012100,40.773,-73.904
1102,6824,36081012200,40.697,-73.831
1103,6825,36081012301,40.776,-73.899
1104,6827,36081012500,40.771,-73.916
1105,6834,36081013500,40.771,-73.899
1106,6836,36081013700,40.769,-73.905
1107,6839,36081014100,40.767,-73.907
1108,6841,36081014202,40.699,-73.82
1109,6842,36081014300,40.766,-73.912
1110,6844,36081014500,40.764,-73.908
1111,6845,36081014700,40.763,-73.911
1112,6847,36081014900,40.762,-73.914
1113,6849,36081015100,40.76,-73.911
1114,6860,36081016300,40.756,-73.91
1115,6864,36081016900,40.748,-73.914
1116,6866,36081017100,40.75,-73.926
1117,6871,36081017900,40.745,-73.93
1118,6879,36081018501,40.739,-73.922
1119,6880,36081018502,40.741,-73.922
1120,6884,36081018900,40.74,-73.928
1121,6890,36081019900,40.735,-73.934
1122,6897,36081021400,40.706,-73.815
1123,6898,36081021600,40.709,-73.823
1124,6899,36081021900,40.724,-73.918
1125,6900,36081022001,40.714,-73.821
1126,6901,36081022002,40.713,-73.814
1127,6904,36081023200,40.71,-73.811
1128,6905,36081023500,40.739,-73.918
1129,6907,36081023800,40.705,-73.809
1130,6909,36081024300,40.737,-73.902
1131,6910,36081024500,40.739,-73.905
1132,6913,36081024900,40.743,-73.904
1133,6914,36081025100,40.745,-73.91
1134,6915,36081025301,40.745,-73.917
1135,6918,36081025500,40.75,-73.908
1136,6919,36081025700,40.75,-73.905
1137,6921,36081025900,40.749,-73.904
1138,6923,36081026100,40.747,-73.901
1139,6925,36081026300,40.746,-73.897
1140,6927,36081026500,40.745,-73.893
1141,6929,36081026700,40.745,-73.888
1142,6930,36081026901,40.747,-73.882
1143,6933,36081027100,40.745,-73.879
1144,6939,36081027700,40.753,-73.878
1145,6943,36081028100,40.752,-73.883
1146,6945,36081028300,40.751,-73.885
1147,6948,36081028700,40.751,-73.889
1148,6951,36081029100,40.751,-73.895
1149,6953,36081029400,40.671,-73.781
1150,6955,36081029700,40.759,-73.903
1151,6958,36081030903,40.758,-73.89
1152,6959,36081030904,40.764,-73.891
1153,6960,36081031700,40.77,-73.893
1154,6963,36081032800,40.672,-73.756
1155,6964,36081032900,40.764,-73.883
1156,6966,36081033100,40.776,-73.873
1157,6968,36081033402,40.675,-73.772
1158,6971,36081034700,40.767,-73.879
1159,6972,36081035100,40.759,-73.877
1160,6973,36081035200,40.679,-73.758
1161,6975,36081035700,40.768,-73.872
1162,6978,36081036300,40.76,-73.869
1163,6980,36081036600,40.686,-73.763
1164,6981,36081036700,40.763,-73.868
1165,6983,36081037100,40.764,-73.864
1166,6984,36081037300,40.76,-73.86
1167,6985,36081037500,40.751,-73.87
1168,6987,36081037700,40.756,-73.869
1169,6989,36081038100,40.756,-73.858
1170,6990,36081038301,40.761,-73.842
1171,6997,36081040100,40.751,-73.857
1172,7003,36081040900,40.75,-73.868
1173,7004,36081041100,40.744,-73.865
1174,7007,36081041500,40.747,-73.857
1175,7010,36081042700,40.744,-73.854
1176,7013,36081043701,40.739,-73.851
1177,7015,36081043900,40.742,-73.856
1178,7018,36081044302,40.74,-73.864
1179,7019,36081044400,40.706,-73.782
1180,7026,36081045500,40.736,-73.862
1181,7042,36081047100,40.741,-73.877
1182,7045,36081047500,40.734,-73.875
1183,7048,36081047900,40.735,-73.884
1184,7050,36081048100,40.742,-73.885
1185,7052,36081048300,40.742,-73.893
1186,7054,36081048500,40.74,-73.885
1187,7055,36081048900,40.737,-73.892
1188,7058,36081049302,40.728,-73.892
1189,7061,36081049700,40.732,-73.89
1190,7062,36081049900,40.731,-73.883
1191,7072,36081051100,40.727,-73.9
1192,7075,36081051500,40.731,-73.902
1193,7077,36081051700,40.725,-73.9
1194,7080,36081052100,40.721,-73.902
1195,7087,36081053100,40.723,-73.908
1196,7090,36081053500,40.716,-73.916
1197,7096,36081054500,40.706,-73.913
1198,7097,36081054700,40.704,-73.91
1199,7099,36081054900,40.702,-73.908
1200,7100,36081055100,40.702,-73.904
1201,7102,36081055300,40.699,-73.907
1202,7106,36081055700,40.699,-73.898
1203,7108,36081055900,40.694,-73.902
1204,7119,36081058000,40.707,-73.73
1205,7121,36081058200,40.707,-73.738
1206,7127,36081059100,40.708,-73.91
1207,7128,36081059200,40.701,-73.729
1208,7131,36081059500,40.714,-73.908
1209,7134,36081059900,40.717,-73.902
1210,7136,36081060100,40.715,-73.902
1211,7137,36081060300,40.714,-73.899
1212,7139,36081060701,40.717,-73.894
1213,7143,36081061301,40.709,-73.893
1214,7144,36081061302,40.709,-73.884
1215,7149,36081061900,40.71,-73.877
1216,7157,36081062700,40.704,-73.886
1217,7158,36081062900,40.701,-73.883
1218,7164,36081063700,40.708,-73.862
1219,7169,36081064500,40.709,-73.852
1220,7172,36081065400,40.662,-73.74
1221,7175,36081065702,40.713,-73.883
1222,7176,36081065703,40.715,-73.875
1223,7177,36081065900,40.716,-73.882
1224,7179,36081066100,40.718,-73.882
1225,7180,36081066300,40.721,-73.877
1226,7183,36081066701,40.722,-73.891
1227,7185,36081067100,40.724,-73.878
1228,7186,36081067700,40.719,-73.872
1229,7189,36081068200,40.668,-73.75
1230,7191,36081068700,40.73,-73.869
1231,7193,36081069300,40.729,-73.863
1232,7196,36081069701,40.727,-73.86
1233,7200,36081070900,40.719,-73.855
1234,7201,36081071100,40.722,-73.852
1235,7202,36081071303,40.726,-73.85
1236,7203,36081071304,40.729,-73.854
1237,7204,36081071305,40.724,-73.851
1238,7205,36081071306,40.726,-73.856
1239,7206,36081071600,40.651,-73.785
1240,7207,36081071701,40.731,-73.86
1241,7212,36081072900,40.713,-73.852
1242,7214,36081073700,40.718,-73.843
1243,7216,36081074100,40.728,-73.847
1244,7217,36081074300,40.732,-73.849
1245,7218,36081074500,40.736,-73.851
1246,7221,36081075701,40.718,-73.835
1247,7225,36081077300,40.711,-73.835
1248,7226,36081077500,40.709,-73.832
1249,7227,36081077902,40.725,-73.825
1250,7228,36081077903,40.719,-73.822
1251,7229,36081077904,40.721,-73.814
1252,7238,36081079701,40.753,-73.825
1253,7239,36081079702,40.751,-73.829
1254,7240,36081079900,40.747,-73.827
1255,7243,36081080900,40.734,-73.822
1256,7244,36081081400,40.671,-73.804
1257,7248,36081084000,40.674,-73.818
1258,7252,36081084900,40.755,-73.833
1259,7259,36081086400,40.673,-73.832
1260,7261,36081086900,40.765,-73.834
1261,7265,36081089200,40.657,-73.848
1262,7266,36081090700,40.773,-73.839
1263,7269,36081091900,40.776,-73.847
1264,7270,36081092200,40.572,-73.861
1265,7271,36081092500,40.783,-73.844
1266,7272,36081092800,40.574,-73.853
1267,7274,36081093401,40.577,-73.846
1268,7275,36081093402,40.579,-73.84
1269,7276,36081093800,40.581,-73.83
1270,7279,36081094202,40.591,-73.809
1271,7280,36081094203,40.586,-73.81
1272,7281,36081094500,40.788,-73.831
1273,7282,36081094700,40.786,-73.841
1274,7283,36081095400,40.593,-73.799
1275,7284,36081096400,40.594,-73.793
1276,7286,36081097203,40.6,-73.78
1277,7287,36081097204,40.594,-73.781
1278,7290,36081098700,40.792,-73.809
1279,7293,36081099701,40.781,-73.79
1280,7297,36081099801,40.598,-73.758
1281,7301,36081100802,40.603,-73.764
1282,7302,36081101001,40.597,-73.749
1283,7303,36081101002,40.599,-73.741
1284,7304,36081101700,40.78,-73.798
1285,7313,36081108500,40.772,-73.789
1286,7317,36081111300,40.767,-73.762
1287,7329,36081116300,40.764,-73.819
1288,7332,36081117500,40.761,-73.796
1289,7348,36081122702,40.733,-73.813
1290,7359,36081130100,40.733,-73.74
1291,7375,36081144100,40.756,-73.764
1292,7382,36081147100,40.761,-73.763
1293,7384,36081148300,40.774,-73.749
1294,7413,36083051500,42.633,-73.745
1295,7416,36083051702,42.901,-73.35
1296,7433,36083052403,42.625,-73.715
1297,7434,36083052404,42.596,-73.729
1298,7435,36083052501,42.519,-73.724
1299,7442,36085000600,40.617,-74.066
1300,7444,36085000800,40.612,-74.068
1301,7451,36085002100,40.631,-74.077
1302,7452,36085002700,40.624,-74.076
1303,7453,36085002900,40.62,-74.083
1304,7457,36085004000,40.614,-74.081
1305,7458,36085004700,40.614,-74.095
1306,7460,36085005900,40.625,-74.099
1307,7465,36085007500,40.634,-74.091
1308,7468,36085009601,40.597,-74.089
1309,7469,36085009602,40.591,-74.095
1310,7470,36085009700,40.64,-74.109
1311,7471,36085010500,40.634,-74.112
1312,7474,36085011401,40.586,-74.099
1313,7475,36085011402,40.581,-74.105
1314,7477,36085012200,40.576,-74.111
1315,7486,36085013302,40.635,-74.124
1316,7487,36085013400,40.57,-74.117
1317,7488,36085013800,40.57,-74.132
1318,7492,36085014606,40.563,-74.143
1319,7495,36085014700,40.619,-74.116
1320,7496,36085015100,40.62,-74.128
1321,7505,36085017010,40.551,-74.196
1322,7508,36085017300,40.605,-74.118
1323,7510,36085017700,40.602,-74.104
1324,7513,36085018702,40.604,-74.126
1325,7514,36085018901,40.612,-74.14
1326,7515,36085018902,40.605,-74.138
1327,7519,36085020700,40.636,-74.135
1328,7523,36085021300,40.633,-74.139
1329,7525,36085022600,40.535,-74.228
1330,7526,36085022800,40.578,-74.184
1331,7527,36085023100,40.63,-74.156
1332,7528,36085023900,40.63,-74.149
1333,7531,36085024700,40.628,-74.142
1334,7534,36085027301,40.6,-74.152
1335,7536,36085027702,40.58,-74.164
1336,7541,36085029102,40.609,-74.187
1337,7542,36085029103,40.604,-74.17
1338,7543,36085029104,40.614,-74.163
1339,7545,36085030302,40.624,-74.159
1340,7548,36085032300,40.632,-74.176
1341,7549,36087010101,41.263,-74.021
1342,7550,36087010102,41.223,-73.996
1343,7553,36087010502,41.193,-74.03
1344,7557,36087010701,41.192,-73.972
1345,7561,36087010802,41.166,-73.971
1346,7563,36087010804,41.144,-73.985
1347,7564,36087010901,41.15,-73.948
1348,7565,36087010902,41.15,-73.926
1349,7566,36087011000,41.112,-73.918
1350,7567,36087011101,41.124,-73.937
1351,7568,36087011102,41.1,-73.948
1352,7569,36087011200,41.101,-73.978
1353,7570,36087011301,41.107,-74.026
1354,7571,36087011302,41.089,-74.023
1355,7574,36087011403,41.126,-73.992
1356,7577,36087011501,41.163,-74.07
1357,7578,36087011502,41.161,-74.041
1358,7579,36087011504,41.13,-74.035
1359,7581,36087011506,41.144,-74.028
1360,7582,36087011601,41.16,-74.144
1361,7583,36087011602,41.127,-74.102
1362,7584,36087011603,41.101,-74.111
1363,7585,36087011700,41.162,-74.19
1364,7588,36087011902,41.119,-74.145
1365,7603,36087012600,41.069,-74.023
1366,7604,36087012700,41.057,-74.018
1367,7605,36087012800,41.057,-73.99
1368,7606,36087013001,41.05,-73.972
1369,7607,36087013002,41.063,-73.959
1370,7608,36087013003,41.062,-73.934
1371,7609,36087013100,41.094,-73.923
1372,7610,36087013200,41.083,-73.924
1373,7611,36087013300,41.041,-73.919
1374,7612,36087013401,41.028,-73.952
1375,7613,36087013402,41.021,-73.919
1376,7614,36089490100,44.974,-74.847
1377,7619,36089490600,44.832,-74.947
1378,7627,36089491400,44.712,-75.457
1379,7633,36089492000,44.556,-75.157
1380,7635,36089492300,44.498,-74.871
1381,7638,36089492600,44.309,-75.256
1382,7642,36091060101,43.236,-73.677
1383,7645,36091060300,43.226,-73.886
1384,7646,36091060400,43.246,-73.831
1385,7647,36091060501,43.336,-73.904
1386,7652,36091060701,43.155,-73.72
1387,7653,36091060702,43.132,-73.756
1388,7657,36091061000,43.08,-73.784
1389,7659,36091061200,43.078,-73.792
1390,7661,36091061302,43.066,-73.825
1391,7662,36091061303,43.101,-73.783
1392,7670,36091061800,43.008,-73.853
1393,7672,36091061903,42.956,-73.777
1394,7681,36091062501,42.911,-73.799
1395,7687,36091062509,42.874,-73.805
1396,7697,36093020600,42.801,-73.91
1397,7706,36093021600,42.793,-73.936
1398,7707,36093021700,42.791,-73.921
1399,7711,36093032101,42.816,-73.875
1400,7722,36093032602,42.833,-74.034
1401,7733,36093033400,42.817,-73.923
1402,7736,36095740200,42.684,-74.447
1403,7738,36095740400,42.745,-74.542
1404,7739,36095740500,42.601,-74.583
1405,7743,36097950100,42.467,-76.783
1406,7744,36097950200,42.42,-76.939
1407,7746,36097950400,42.337,-76.909
1408,7748,36099950100,42.984,-76.849
1409,7751,36099950400,42.912,-76.827
1410,7752,36099950500,42.926,-76.883
1411,7754,36099950700,42.848,-76.845
1412,7755,36099950800,42.746,-76.834
1413,7758,36101960100,42.523,-77.199
1414,7760,36101960300,42.516,-77.481
1415,7763,36101960600,42.335,-77.678
1416,7764,36101960700,42.332,-77.659
1417,7769,36101961200,42.348,-77.307
1418,7771,36101961400,42.409,-77.23
1419,7780,36101962300,42.138,-77.141
1420,7789,36103110102,40.861,-73.449
1421,7790,36103110200,40.883,-73.435
1422,7794,36103110501,40.888,-73.358
1423,7795,36103110502,40.874,-73.364
1424,7796,36103110600,40.904,-73.343
1425,7799,36103110901,40.864,-73.424
1426,7800,36103110902,40.853,-73.422
1427,7801,36103111001,40.868,-73.414
1428,7803,36103111100,40.838,-73.42
1429,7806,36103111300,40.872,-73.39
1430,7808,36103111402,40.841,-73.385
1431,7822,36103111900,40.82,-73.434
1432,7829,36103112206,40.78,-73.424
1433,7835,36103122300,40.737,-73.416
1434,7836,36103122403,40.748,-73.386
1435,7838,36103122405,40.765,-73.36
1436,7840,36103122501,40.747,-73.357
1437,7842,36103122601,40.756,-73.334
1438,7845,36103122704,40.765,-73.352
1439,7849,36103122801,40.756,-73.309
1440,7850,36103122802,40.739,-73.315
1441,7857,36103123201,40.715,-73.422
1442,7858,36103123202,40.704,-73.406
1443,7860,36103123302,40.693,-73.407
1444,7861,36103123401,40.707,-73.394
1445,7863,36103123500,40.679,-73.416
1446,7865,36103123701,40.686,-73.401
1447,7889,36103135002,40.869,-73.165
1448,7890,36103135003,40.872,-73.146
1449,7899,36103135205,40.821,-73.283
1450,7901,36103135209,40.817,-73.25
1451,7905,36103135401,40.843,-73.161
1452,7908,36103145602,40.793,-73.256
1453,7910,36103145604,40.784,-73.255
1454,7912,36103145701,40.813,-73.214
1455,7914,36103145703,40.795,-73.216
1456,7921,36103145901,40.757,-73.286
1457,7922,36103145902,40.762,-73.271
1458,7925,36103146002,40.755,-73.254
1459,7927,36103146102,40.757,-73.239
1460,7929,36103146105,40.771,-73.231
1461,7930,36103146106,40.769,-73.239
1462,7944,36103146606,40.771,-73.135
1463,7945,36103146607,40.774,-73.096
1464,7950,36103146614,40.799,-73.061
1465,7976,36103147804,40.755,-73.072
1466,7977,36103147901,40.758,-73.052
1467,7979,36103158001,40.953,-73.119
1468,7980,36103158002,40.931,-73.133
1469,7981,36103158006,40.889,-73.126
1470,7982,36103158007,40.91,-73.121
1471,7985,36103158011,40.908,-73.087
1472,7997,36103158202,40.926,-73.065
1473,8000,36103158206,40.942,-73.068
1474,8016,36103158402,40.954,-72.88
1475,8020,36103158408,40.954,-72.918
1476,8033,36103158605,40.823,-73.07
1477,8043,36103158710,40.876,-72.875
1478,8049,36103158900,40.768,-73.022
1479,8051,36103159102,40.775,-72.985
1480,8054,36103159106,40.808,-72.925
1481,8056,36103159108,40.809,-72.974
1482,8079,36103169704,40.924,-72.762
1483,8080,36103169800,40.925,-72.669
1484,8111,36105950200,41.939,-74.797
1485,8114,36105950500,41.824,-74.738
1486,8117,36105950800,41.784,-74.624
1487,8120,36105951100,41.7,-74.553
1488,8121,36105951200,41.588,-74.435
1489,8122,36105951300,41.585,-74.521
1490,8129,36105952100,41.76,-75.004
1491,8130,36105952200,41.679,-74.994
1492,8131,36105952300,41.584,-74.983
1493,8132,36105952400,41.539,-74.889
1494,8133,36105952500,41.493,-74.812
1495,8134,36107020100,42.296,-76.177
1496,8135,36107020200,42.232,-76.332
1497,8136,36107020300,42.133,-76.182
1498,8157,36109001400,42.446,-76.391
1499,8158,36109001500,42.507,-76.47
1500,8159,36109001600,42.518,-76.623
1501,8162,36109001900,42.355,-76.379
1502,8163,36109002000,42.475,-76.297
1503,8164,36109002100,42.522,-76.345
1504,8165,36109002200,42.588,-76.337
1505,8167,36111950100,42.125,-73.992
1506,8168,36111950200,42.076,-73.952
1507,8169,36111950300,42.053,-73.955
1508,8174,36111951000,41.946,-74.267
1509,8177,36111951300,41.995,-73.975
1510,8178,36111951400,41.961,-73.984
1511,8181,36111951700,41.927,-73.982
1512,8190,36111952600,41.838,-73.996
1513,8206,36111954500,41.716,-74.342
1514,8208,36111954700,41.729,-74.482
1515,8209,36111954800,41.721,-74.397
1516,8210,36111954900,42.037,-73.969
1517,8211,36111955000,41.835,-74.308
1518,8212,36111955300,42.054,-74.371
1519,8216,36113070300,43.317,-73.657
1520,8217,36113070400,43.32,-73.639
1521,8218,36113070500,43.311,-73.631
1522,8221,36113070701,43.337,-73.664
1523,8225,36113071000,43.326,-73.803
1524,8243,36115088000,43.229,-73.56
1525,8255,36117020302,43.08,-77.283
1526,8257,36117020402,43.217,-77.192
1527,8258,36117020500,43.163,-77.194
1528,8259,36117020600,43.085,-77.189
1529,8261,36117020800,43.252,-77.048
1530,8264,36117021100,43.042,-77.109
1531,8265,36117021200,43.038,-77.083
1532,8266,36117021400,43.064,-76.993
1533,8267,36117021501,43.243,-76.889
1534,8268,36117021502,43.269,-76.769
1535,8269,36117021600,43.168,-76.829
1536,8270,36117021700,43.074,-76.836
1537,8271,36117021800,43.084,-76.871
1538,8275,36119000201,40.92,-73.899
1539,8277,36119000203,40.915,-73.904
1540,8278,36119000300,40.932,-73.896
1541,8279,36119000401,40.937,-73.898
1542,8280,36119000402,40.944,-73.897
1543,8281,36119000500,40.939,-73.889
1544,8282,36119000600,40.944,-73.889
1545,8284,36119000702,40.969,-73.889
1546,8285,36119000801,40.961,-73.881
1547,8286,36119000802,40.957,-73.876
1548,8287,36119000803,40.952,-73.886
1549,8288,36119000900,40.974,-73.87
1550,8289,36119001000,40.937,-73.885
1551,8291,36119001102,40.931,-73.884
1552,8294,36119001302,40.912,-73.889
1553,8295,36119001303,40.915,-73.894
1554,8303,36119001600,40.943,-73.876
1555,8304,36119001700,40.949,-73.863
1556,8305,36119001800,40.959,-73.867
1557,8306,36119001900,40.965,-73.866
1558,8308,36119002101,40.978,-73.835
1559,8310,36119002104,40.962,-73.836
1560,8312,36119002106,40.974,-73.828
1561,8314,36119002201,40.955,-73.835
1562,8315,36119002202,40.946,-73.842
1563,8318,36119002300,40.938,-73.862
1564,8321,36119002403,40.92,-73.851
1565,8322,36119002404,40.924,-73.856
1566,8323,36119002405,40.927,-73.861
1567,8324,36119002600,40.896,-73.828
1568,8327,36119002900,40.906,-73.84
1569,8328,36119003000,40.909,-73.844
1570,8331,36119003300,40.906,-73.825
1571,8333,36119003500,40.911,-73.848
1572,8336,36119003800,40.924,-73.839
1573,8338,36119004000,40.915,-73.832
1574,8339,36119004100,40.915,-73.82
1575,8340,36119004200,40.921,-73.825
1576,8342,36119004400,40.928,-73.824
1577,8343,36119004500,40.931,-73.836
1578,8344,36119004600,40.941,-73.834
1579,8345,36119004700,40.939,-73.824
1580,8348,36119005001,40.977,-73.802
1581,8349,36119005002,40.967,-73.807
1582,8350,36119005100,40.955,-73.813
1583,8351,36119005200,40.942,-73.809
1584,8352,36119005300,40.916,-73.807
1585,8358,36119005901,40.908,-73.777
1586,8359,36119005902,40.908,-73.769
1587,8361,36119006100,40.905,-73.793
1588,8366,36119006600,40.93,-73.797
1589,8370,36119006900,40.956,-73.753
1590,8371,36119007000,40.936,-73.762
1591,8372,36119007100,40.926,-73.753
1592,8374,36119007300,40.958,-73.74
1593,8380,36119007800,40.992,-73.666
1594,8381,36119007900,40.999,-73.674
1595,8382,36119008000,41.002,-73.664
1596,8386,36119008302,41.033,-73.687
1597,8387,36119008401,40.976,-73.726
1598,8389,36119008404,40.965,-73.715
1599,8391,36119008602,41.047,-73.722
1600,8392,36119008700,41.043,-73.745
1601,8393,36119008800,41.035,-73.758
1602,8394,36119008901,41.043,-73.766
1603,8395,36119008902,41.053,-73.757
1604,8396,36119009000,41.041,-73.773
1605,8398,36119009200,41.023,-73.777
1606,8399,36119009300,41.03,-73.77
1607,8400,36119009400,41.029,-73.762
1608,8402,36119009600,41.012,-73.767
1609,8403,36119009701,41.002,-73.755
1610,8404,36119009702,41.021,-73.745
1611,8405,36119009703,41.002,-73.736
1612,8406,36119009800,40.979,-73.762
1613,8408,36119010000,41.004,-73.793
1614,8409,36119010100,40.984,-73.799
1615,8410,36119010200,40.991,-73.871
1616,8411,36119010300,40.988,-73.882
1617,8412,36119010400,41.017,-73.87
1618,8413,36119010500,41.011,-73.862
1619,8415,36119010701,40.995,-73.84
1620,8416,36119010702,41.001,-73.809
1621,8417,36119010801,41.019,-73.814
1622,8418,36119010803,41.031,-73.798
1623,8419,36119010804,41.02,-73.792
1624,8420,36119010901,41.061,-73.792
1625,8421,36119010902,41.05,-73.782
1626,8422,36119010903,41.043,-73.804
1627,8423,36119011000,41.069,-73.815
1628,8424,36119011101,41.055,-73.834
1629,8426,36119011200,41.054,-73.814
1630,8427,36119011300,41.035,-73.858
1631,8428,36119011400,41.066,-73.854
1632,8429,36119011500,41.074,-73.861
1633,8430,36119011600,41.085,-73.864
1634,8432,36119011800,41.125,-73.819
1635,8433,36119011902,41.083,-73.784
1636,8434,36119012000,41.103,-73.794
1637,8436,36119012102,41.12,-73.776
1638,8437,36119012200,41.138,-73.783
1639,8438,36119012301,41.069,-73.76
1640,8439,36119012303,41.127,-73.718
1641,8443,36119012502,41.28,-73.583
1642,8445,36119012600,41.253,-73.653
1643,8447,36119012802,41.231,-73.7
1644,8449,36119013000,41.204,-73.739
1645,8450,36119013102,41.166,-73.74
1646,8453,36119013201,41.136,-73.843
1647,8454,36119013202,41.155,-73.837
1648,8455,36119013301,41.161,-73.866
1649,8456,36119013304,41.148,-73.863
1650,8457,36119013400,41.161,-73.851
1651,8458,36119013500,41.172,-73.844
1652,8459,36119013600,41.174,-73.866
1653,8460,36119013700,41.179,-73.846
1654,8462,36119013900,41.21,-73.893
1655,8463,36119014000,41.263,-73.945
1656,8464,36119014100,41.278,-73.929
1657,8467,36119014400,41.299,-73.905
1658,8468,36119014500,41.284,-73.91
1659,8469,36119014604,41.249,-73.944
1660,8470,36119014605,41.241,-73.919
1661,8473,36119014701,41.314,-73.927
1662,8474,36119014703,41.321,-73.877
1663,8477,36119014805,41.219,-73.809
1664,8480,36119014809,41.257,-73.785
1665,8488,36119015000,41.334,-73.575
1666,8489,36119981000,41.084,-73.811
1667,8491,36119983000,41.243,-73.677
1668,8493,36119985000,41.046,-73.7
1669,8495,36121970200,42.826,-78.249
1670,8503,36121971000,42.563,-78.386
1671,8506,36123150200,42.712,-77.076
1672,8508,36123150400,42.608,-77.115
1673,8513,PSEG Hudson Generating Station,40.748,-74.072
1674,8523,Bergen Generating Station,40.837,-74.024
1675,8748,34003006300,40.814,-73.991
1676,8750,34003007002,40.972,-73.949
1677,8767,34003015200,40.907,-73.977
1678,8773,34003017200,40.943,-74.134
1679,8839,34003036100,40.86,-74.056
1680,8864,34003044201,41.052,-74.133
1681,9563,34017010800,40.659,-74.103
1682,9599,34017014800,40.772,-74.046
1683,9611,34017015802,40.782,-74.014
1684,9654,34017032400,40.793,-74.013
1685,9829,34023003600,40.59,-74.22
1686,9969,34025803400,40.342,-74.077
1687,10395,34031256802,41.143,-74.335
1688,12280,42069110600,41.555,-75.51
1689,12673,42083420400,41.967,-78.634
1690,13557,42115032600,41.831,-75.867
1691,75578,9001070300,41.163,-73.209
1692,75580,9001070600,41.175,-73.189
1693,76428,50007002200,44.545,-73.153
1694,76453,Indian Point 2,41.27,-73.952
1695,76454,Indian Point 3,41.27,-73.952
1696,76455,Indian Point 3,41.27,-73.951
1697,76456,Oswego Harbor Power,43.458,-76.531
1698,76457,Charles Poletti,40.775,-73.91
1699,76458,James A Fitzpatrick,43.52,-76.407
1700,76460,Somerset Operating Co LLC,43.358,-78.604
1701,76462,Nine Mile Point Nuclear Station,43.52,-76.409
1702,76463,Bowline Point,41.203,-73.968
1703,76464,Bowline Point,41.203,-73.967
1704,76466,Roseton Generating Facility,41.573,-73.965
1705,76467,Roseton Generating Facility,41.573,-73.964
1706,76470,Selkirk Cogen,42.573,-73.858
1707,76472,Northport,40.923,-73.341
1708,76473,Northport,40.923,-73.34
1709,76475,Arthur Kill Generating Station,40.591,-74.199
1710,76476,E F Barrett,40.616,-73.647
1711,76478,Athens Generating Plant,42.272,-73.848
1712,76479,Blenheim Gilboa,42.441,-74.447
1713,76483,Astoria Generating Station,40.787,-73.912
1714,76484,Astoria Generating Station,40.787,-73.911
1715,76485,Bethpage Power Plant,40.746,-73.498
1716,76487,Empire Generating Co  LLC,42.624,-73.749
1717,76488,Ravenswood,40.758,-73.945
1718,76490,Astoria Energy,40.782,-73.895
1719,76491,500MW CC,40.788,-73.906
1720,76492,500MW CC,40.788,-73.905
1721,76493,Sithe Independence Station,43.494,-76.45
1722,76496,Astoria Gas Turbines,40.786,-73.904
1723,76497,Astoria Gas Turbines,40.786,-73.903
1724,76509,Saranac Facility,44.712,-73.455
1725,76514,Covanta Hempstead,40.738,-73.59
1726,76515,Covanta Hempstead,40.738,-73.589
1727,76517,Danskammer Generating Station,41.57,-73.974
1728,76518,Danskammer Generating Station,41.57,-73.973
1729,76526,Robert Moses Power Dam,45.003,-74.798
1730,76528,Holtsville,40.816,-73.065
1731,76530,Fortistar North Tonawanda,43.047,-78.853
1732,76533,Port Jefferson,40.949,-73.078
1733,76540,Rensselaer Cogen,42.624,-73.749
1734,76542,Lockport Energy Associates LP,43.161,-78.744
1735,76543,Lockport Energy Associates LP,43.161,-78.743
1736,76552,Shoemaker,41.427,-74.418
1737,76560,Stark,44.454,-74.76
1738,76563,Five Falls,44.526,-74.848
1739,76565,Gowanus Gas Turbines Generating,40.663,-74.004
1740,76582,36005001900,40.804,-73.924
1741,76654,36005046201,40.873,-73.826
1742,76655,36005046202,40.878,-73.833
1743,76684,36017970300,42.532,-75.526
1744,76702,36025970600,42.173,-75.126
1745,76703,36025970600,42.173,-75.125
1746,76735,36029010803,42.9,-78.741
1747,76779,36047001800,40.656,-74.009
1748,76862,36047044900,40.717,-73.93
1749,76951,36055013104,43.08,-77.632
1750,76980,36059407301,40.731,-73.597
1751,77029,36061006800,40.739,-73.983
1752,77032,36061007200,40.744,-73.98
1753,77033,36061007200,40.744,-73.979
1754,77037,36061008200,40.75,-73.98
1755,77042,36061009600,40.755,-73.98
1756,77053,36061013600,40.772,-73.948
1757,77054,36061013600,40.772,-73.947
1758,77056,36061013800,40.774,-73.953
1759,77094,36061025100,40.839,-73.939
1760,77095,36061025100,40.839,-73.938
1761,77098,36061027700,40.854,-73.926
1762,77121,36065023400,43.099,-75.288
1763,77157,36067014400,43.095,-76.096
1764,77161,36067015400,43.077,-76.016
1765,77162,36067015400,43.077,-76.015
1766,77179,36071011900,41.379,-74.36
1767,77196,36075021401,43.403,-76.554
1768,77197,36075021601,43.457,-76.515
1769,77200,36075021605,43.465,-76.488
1770,77224,36081010300,40.78,-73.914
1771,77231,36081014300,40.765,-73.911
1772,77233,36081014700,40.762,-73.91
1773,77236,36081016300,40.755,-73.909
1774,77254,36081025500,40.749,-73.907
1775,77335,36081079900,40.746,-73.826
1776,77359,36083051500,42.632,-73.744
1777,77390,36085029102,40.608,-74.186
1778,77394,36087010101,41.262,-74.02
1779,77395,36087010102,41.222,-73.995
1780,77401,36087011102,41.099,-73.947
1781,77410,36087013003,41.061,-73.933
1782,77411,36087013100,41.093,-73.922
1783,77412,36087013402,41.02,-73.918
1784,77426,36093032101,42.815,-73.874
1785,77445,36103110600,40.903,-73.342
1786,77450,36103112206,40.779,-73.423
1787,77465,36103135209,40.816,-73.249
1788,77470,36103145701,40.812,-73.213
1789,77498,36105951100,41.699,-74.552
1790,77523,36113070500,43.31,-73.63
1791,77535,36119000201,40.919,-73.898
1792,77537,36119000300,40.931,-73.895
1793,77540,36119000802,40.956,-73.875
1794,77541,36119000900,40.973,-73.869
1795,77542,36119000900,40.973,-73.868
1796,77548,36119001900,40.964,-73.865
1797,77555,36119002600,40.895,-73.827
1798,77556,36119002600,40.895,-73.826
1799,77583,36119010200,40.99,-73.87
1800,77590,36119011200,41.053,-73.813
1801,77593,36119011400,41.065,-73.853
1802,77626,PSEG Linden Generating Station,40.621,-74.206
1803,77627,PSEG Linden Generating Station,40.621,-74.205
1804,77635,Bergen Generating Station,40.837,-74.023
1805,77640,Linden Cogen Plant,40.631,-74.215
1806,78036,34017010800,40.658,-74.102
1807,78605,42015950900,41.756,-76.394
1808,78886,42049001100,42.103,-80.114
1809,78955,42069110600,41.554,-75.509
1810,95339,PJM Proxy,42.251,-79.764
1811,95340,Brentwood,40.781,-73.246
1812,95341,Bayswater Peaking Facility LLC,40.61,-73.761
1813,95342,Binghamton Cogen,42.107,-75.928
